43,1,Teaspoon,,6,31,2019-01-05 16:30:58.3017,2019-01-05 16:31:06.825064,NULL
2,2,Bunch,,1,2,2019-01-04 13:42:34.601136,2019-01-04 13:45:58.514386,NULL
3,1,Bunch,,1,3,2019-01-04 13:46:19.431329,2019-01-04 13:46:26.62299,NULL
5,2,1 Inch,,1,6,2019-01-04 13:49:03.391987,2019-01-04 13:49:15.966604,NULL
6,1,1 Inch,,1,7,2019-01-04 13:49:32.869676,2019-01-04 13:49:41.327239,NULL
533,0.5,Teaspoon,,72,13,2020-04-16 14:37:02.103825,2020-04-16 14:39:26.899627,2
535,0.5,Teaspoon,,72,12,2020-04-16 14:37:02.108357,2020-04-16 14:40:06.645079,4
44,1,Package,,6,32,2019-01-05 16:34:39.160241,2019-01-05 16:37:34.550775,NULL
536,0.5,Teaspoon,,72,31,2020-04-16 14:37:02.110236,2020-04-16 14:40:19.526395,5
45,2,Whole,Diced,6,33,2019-01-05 16:37:47.308587,2019-01-05 16:37:56.831655,NULL
68,2,Head,Chopped,9,34,2019-01-05 17:06:11.19626,2019-01-05 18:51:20.320421,NULL
7,2,Whole,,1,1,2019-01-04 13:52:32.301867,2019-01-04 14:01:27.049832,NULL
1,2,Whole,Quartered,1,5,2019-01-04 13:41:31.772813,2019-01-04 14:01:33.522411,NULL
8,2,Whole,Peeled,1,4,2019-01-04 13:53:10.960462,2019-01-04 14:01:44.184847,NULL
12,1,Whole,Medium,3,8,2019-01-04 16:25:12.802955,2019-01-04 16:25:25.15234,NULL
13,5,Whole,"Peeled, cored, cut into wedges",3,5,2019-01-04 16:25:48.382599,2019-01-04 16:26:28.433308,NULL
14,1,Whole,Diced,3,9,2019-01-04 16:27:18.203218,2019-01-04 16:27:36.222839,NULL
15,2,Cloves,Minced,3,10,2019-01-04 16:28:00.838733,2019-01-04 16:28:17.721224,NULL
16,2,Teaspoon,,3,11,2019-01-04 16:28:46.07991,2019-01-04 16:28:54.778446,NULL
17,1,Teaspoon,,3,12,2019-01-04 16:29:14.594485,2019-01-04 16:29:22.661017,NULL
18,0.5,Teaspoon,,3,13,2019-01-04 16:29:53.267401,2019-01-04 16:30:03.061546,NULL
19,3,Cup,Home Made,3,14,2019-01-04 16:30:26.986327,2019-01-04 16:30:41.712772,NULL
21,0.3,Cup,,4,15,2019-01-04 16:49:34.12029,2019-01-04 16:49:46.286504,NULL
22,2,Whole,Juiced,4,4,2019-01-04 16:50:34.845318,2019-01-04 16:50:34.845318,NULL
23,3,Oz,Minced,4,10,2019-01-04 16:50:57.161491,2019-01-04 16:50:57.161491,NULL
24,0.5,Teaspoon,,4,16,2019-01-04 16:51:23.567047,2019-01-04 16:51:31.623687,NULL
20,2,Bunch,Stems and cut in 1/4 inch shreds,4,3,2019-01-04 16:49:04.252146,2019-01-04 16:51:50.788007,NULL
25,0.5,Cup,Shredded,4,17,2019-01-04 16:52:38.148802,2019-01-04 16:52:58.902223,NULL
26,2,Tablespoon,,4,18,2019-01-04 16:53:22.858149,2019-01-04 16:53:32.461926,NULL
27,8,Whole,,5,19,2019-01-04 17:04:16.377016,2019-01-04 17:04:28.345803,NULL
28,3,Square,,5,20,2019-01-04 17:05:13.481775,2019-01-04 17:05:40.847241,NULL
29,1,Tablespoon,,5,15,2019-01-04 17:06:35.148071,2019-01-04 17:06:35.148071,NULL
30,1,Whole,White part thinly sliced,5,21,2019-01-04 17:06:58.728734,2019-01-04 17:07:15.419617,NULL
31,6,Oz,Cut into 1 inch lengths,5,22,2019-01-04 17:07:32.55126,2019-01-04 17:07:56.47842,NULL
32,1,Teaspoon,,5,12,2019-01-04 17:08:15.422802,2019-01-04 17:08:15.422802,NULL
33,4,Oz,Shredded,5,23,2019-01-04 17:08:40.561566,2019-01-04 17:08:54.034115,NULL
34,1,Cup,Shredded,5,24,2019-01-04 17:09:09.066052,2019-01-04 17:09:22.154159,NULL
35,20,Oz,,6,25,2019-01-05 16:24:39.022706,2019-01-05 16:24:47.665347,NULL
36,0.25,Teaspoon,,6,16,2019-01-05 16:25:59.08408,2019-01-05 16:25:59.08408,NULL
37,1,Tablespoon,,6,26,2019-01-05 16:26:38.832214,2019-01-05 16:26:49.787137,NULL
38,0.25,Teaspoon,,6,27,2019-01-05 16:27:23.928494,2019-01-05 16:27:52.320224,NULL
39,0.25,Teaspoon,,6,28,2019-01-05 16:28:15.509324,2019-01-05 16:28:27.435869,NULL
41,0.5,Teaspoon,,6,30,2019-01-05 16:29:22.492134,2019-01-05 16:29:29.993461,NULL
40,0.5,Teaspoon,,6,29,2019-01-05 16:28:59.335635,2019-01-05 16:30:31.977614,NULL
42,1,Teaspoon,,6,12,2019-01-05 16:30:22.337319,2019-01-05 16:30:43.923418,NULL
47,3,Whole,Ripe,7,35,2019-01-05 16:41:00.649671,2019-01-05 16:41:35.272731,NULL
48,1,Whole,Minced,7,36,2019-01-05 16:42:01.38426,2019-01-05 16:42:16.36109,NULL
50,0.5,Whole,Diced,6,9,2019-01-05 16:43:45.144814,2019-01-05 16:43:45.144814,NULL
51,1,Whole,Minced,6,10,2019-01-05 16:44:07.754788,2019-01-05 16:44:07.754788,NULL
52,0.25,Whole,Minced,7,38,2019-01-05 16:46:09.736783,2019-01-05 16:46:27.966033,NULL
53,1,Cloves,Minced,7,10,2019-01-05 16:46:53.59499,2019-01-05 16:46:53.59499,NULL
54,0.5,Whole,,7,39,2019-01-05 16:47:14.951537,2019-01-05 16:48:01.246133,NULL
55,0.25,Bunch,Thinly sliced,7,40,2019-01-05 16:48:49.125019,2019-01-05 16:49:21.307845,NULL
56,0.5,Bunch,Thinly sliced,6,40,2019-01-05 16:48:49.129095,2019-01-05 16:49:41.030984,NULL
57,2,Cup,,8,41,2019-01-05 16:53:08.968482,2019-01-05 16:53:15.284186,NULL
58,0.5,Cup,,8,15,2019-01-05 16:53:42.9909,2019-01-05 16:53:42.9909,NULL
59,1.5,Teaspoon,,8,12,2019-01-05 16:54:08.255784,2019-01-05 16:54:08.255784,NULL
60,0.5,15oz Can,,8,42,2019-01-05 16:54:41.334676,2019-01-05 16:55:11.634569,NULL
62,3,Tablespoon,,9,15,2019-01-05 17:05:33.544897,2019-01-05 17:06:25.271032,NULL
64,1,Cloves,Large,9,10,2019-01-05 17:05:33.577066,2019-01-05 17:06:42.221814,NULL
66,0.25,Teaspoon,,9,31,2019-01-05 17:05:33.610468,2019-01-05 17:07:00.636411,NULL
63,3,Tablespoon,Juiced,9,4,2019-01-05 17:05:33.567035,2019-01-05 17:07:26.136305,NULL
65,0.5,Teaspoon,,9,12,2019-01-05 17:05:33.595739,2019-01-05 17:07:41.404358,NULL
82,1.5,Lbs,,11,52,2019-01-05 17:31:32.124328,2019-02-06 17:58:08.52351,2
67,2,Whole,Diced,9,35,2019-01-05 17:05:33.614215,2019-01-05 17:08:37.007566,NULL
69,3,Tablespoon,,9,43,2019-01-05 17:09:01.125146,2019-01-05 17:09:07.135,NULL
70,1,Tablespoon,,9,44,2019-01-05 17:09:26.965343,2019-01-05 17:09:34.920542,NULL
71,0.25,Teaspoon,,9,45,2019-01-05 17:09:51.513067,2019-01-05 17:09:59.770186,NULL
72,0.33,Cup,,9,46,2019-01-05 17:10:25.411269,2019-01-05 17:10:38.906008,NULL
73,0.25,Whole,Diced,10,9,2019-01-05 17:13:54.392797,2019-01-05 17:14:11.784473,NULL
74,3,Cloves,,10,10,2019-01-05 17:13:54.401934,2019-01-05 17:14:34.792641,NULL
75,3,Teaspoon,,10,12,2019-01-05 17:13:54.405763,2019-01-05 17:14:45.536045,NULL
76,0.25,Bunch,,10,40,2019-01-05 17:13:54.416648,2019-01-05 17:15:02.195456,NULL
77,8,Whole,"Husked, washed, quartered",10,47,2019-01-05 17:15:27.860008,2019-01-05 17:15:56.732126,NULL
79,2,Whole,Stemmed and split,10,49,2019-01-05 17:16:46.694716,2019-01-05 17:17:07.699888,NULL
80,3,Tablespoon,,10,50,2019-01-05 17:17:36.476304,2019-01-05 17:17:44.372885,NULL
78,4,Whole,Stemmed,10,48,2019-01-05 17:16:17.956517,2019-01-05 17:18:12.52626,NULL
81,3,Whole,Cooked and diced,9,51,2019-01-05 17:19:44.017822,2019-01-05 17:20:37.088727,NULL
88,0.5,Whole,Diced,11,53,2019-01-05 17:43:23.776576,2019-02-06 17:59:02.065532,4
90,1,15oz Can,,11,55,2019-01-05 17:45:00.365164,2019-02-06 18:01:01.118638,8
89,1,Cup,Sliced,11,54,2019-01-05 17:43:48.958417,2019-02-06 18:00:22.974586,5
86,2,Cloves,Minced,11,10,2019-01-05 17:41:46.763627,2019-02-06 18:00:40.45469,6
87,1,Tablespoon,,11,46,2019-01-05 17:41:46.767948,2019-02-06 18:01:13.33731,7
92,1,Tablespoon,Rough Chop,11,57,2019-01-05 17:46:29.623179,2019-01-05 17:46:44.980552,NULL
101,0.25,Teaspoon,,13,31,2019-01-08 22:52:52.155257,2019-02-09 19:27:20.926982,NULL
134,1,Whole,,16,74,2019-01-16 22:45:05.907259,2019-01-16 22:45:20.178742,1
46,0.5,Head,Thinly sliced,6,34,2019-01-05 16:38:50.108596,2019-01-05 18:52:16.692879,NULL
94,0.5,Cup,,9,59,2019-01-07 00:35:53.87604,2019-01-07 00:36:06.816618,NULL
95,2.5,Lbs,,13,60,2019-01-08 22:48:06.768845,2019-01-08 22:48:19.26323,NULL
96,3,Whole,Large - Cut into 2 inch cubes,13,61,2019-01-08 22:48:45.328075,2019-01-08 22:49:16.4119,NULL
97,2,Whole,Peeled cored and quarted,13,62,2019-01-08 22:50:07.384845,2019-01-08 22:50:30.511071,NULL
98,2,Whole,Peeled cored and quarted,13,63,2019-01-08 22:50:46.188452,2019-01-08 22:51:05.178296,NULL
100,0.5,Teaspoon,,13,12,2019-01-08 22:52:15.389103,2019-01-08 22:52:32.917516,NULL
115,0.5,Teaspoon,,14,31,2019-01-08 23:01:27.485408,2019-02-09 19:27:34.028645,NULL
102,1,Teaspoon,,13,65,2019-01-08 22:53:21.51123,2019-01-08 22:53:37.06531,NULL
103,1,Teaspoon,,13,66,2019-01-08 22:53:59.933567,2019-01-08 22:54:12.660166,NULL
104,0.5,Cup,,13,67,2019-01-08 22:54:50.069362,2019-01-08 22:55:03.082104,NULL
105,1,Tablespoon,,13,68,2019-01-08 22:55:33.914981,2019-01-08 22:55:40.050599,NULL
106,64,Oz,,14,56,2019-01-08 23:01:27.470364,2019-01-08 23:02:45.933593,NULL
109,1,Whole,Seeded and diced,14,36,2019-01-08 23:01:27.47567,2019-01-08 23:03:06.398279,NULL
110,3,Cloves,Minced,14,10,2019-01-08 23:01:27.477253,2019-01-08 23:03:22.921893,NULL
111,1,Tablespoon,,14,26,2019-01-08 23:01:27.478799,2019-01-08 23:03:33.879109,NULL
112,1,Teaspoon,,14,30,2019-01-08 23:01:27.480358,2019-01-08 23:03:49.364767,NULL
116,4,Whole,,14,51,2019-01-08 23:01:27.487191,2019-01-08 23:04:11.64163,NULL
118,2,Whole,,14,39,2019-01-08 23:01:27.490351,2019-01-08 23:04:30.390764,NULL
167,2,Tablespoon,,23,70,2019-01-27 16:04:43.376305,2019-02-09 19:27:59.59561,2
117,1,Bunch,,14,40,2019-01-08 23:01:27.488788,2019-01-08 23:04:57.31606,NULL
108,1,Whole,Medium sized - Diced,14,9,2019-01-08 23:01:27.474106,2019-01-08 23:05:23.990208,NULL
107,1,15oz Can,,14,55,2019-01-08 23:01:27.472573,2019-01-08 23:05:46.10322,NULL
114,0.5,Teaspoon,,14,12,2019-01-08 23:01:27.483477,2019-01-08 23:06:09.334077,NULL
113,1,Teaspoon,,14,28,2019-01-08 23:01:27.481894,2019-01-08 23:06:25.496273,NULL
119,3,Whole,,14,35,2019-01-08 23:01:27.491989,2019-01-08 23:06:36.547812,NULL
129,1,Lbs,,15,69,2019-01-08 23:15:30.069894,2019-01-08 23:15:38.085111,NULL
122,0.25,Teaspoon,,15,16,2019-01-08 23:15:07.230667,2019-01-09 03:47:04.100158,NULL
123,1,Teaspoon,,15,28,2019-01-08 23:15:07.234013,2019-01-09 03:47:24.838379,NULL
124,1,Teaspoon,,15,30,2019-01-08 23:15:07.244735,2019-01-09 03:47:38.485854,NULL
125,0.25,Teaspoon,,15,12,2019-01-08 23:15:07.250067,2019-01-09 03:47:55.645728,NULL
130,1,Tablespoon,,15,70,2019-01-08 23:16:02.24392,2019-01-09 03:48:24.311257,NULL
135,1,Package,Diced,16,75,2019-01-16 22:46:02.851436,2019-01-16 22:46:20.719584,2
120,0.25,Whole,Diced,15,38,2019-01-08 23:15:07.221239,2019-01-09 03:49:01.259419,NULL
133,1,Bunch,,15,73,2019-01-08 23:16:43.577129,2019-01-09 03:49:10.737108,NULL
127,2,Tablespoon,,15,44,2019-01-08 23:15:07.257397,2019-01-09 03:49:24.183795,NULL
128,1,Teaspoon,,15,68,2019-01-08 23:15:07.261409,2019-01-09 03:49:34.575893,NULL
132,2,Whole,Sliced,15,72,2019-01-08 23:16:25.902,2019-01-09 03:50:04.791534,NULL
131,1,Whole,Small dice,15,71,2019-01-08 23:16:13.830263,2019-01-09 03:50:26.891941,NULL
121,1,1 Inch,Minced,15,6,2019-01-08 23:15:07.225891,2019-01-09 03:50:52.723832,NULL
126,2,Tablespoon,,15,15,2019-01-08 23:15:07.25341,2019-01-09 03:51:07.890061,NULL
99,0.5,Teaspoon,,13,31,2019-01-08 22:52:15.384732,2019-01-09 03:58:40.216962,NULL
136,0.5,Whole,Quartered,16,9,2019-01-16 22:47:09.081451,2019-01-16 22:47:29.307381,3
137,0.25,Cup,,16,15,2019-01-16 22:47:09.084195,2019-01-16 22:48:13.024292,4
138,1,Package,,12,76,2019-01-16 23:00:33.241395,2019-01-16 23:00:51.336276,2
159,0.5,Cup,,22,15,2019-01-27 15:50:21.024427,2019-02-09 19:28:56.407821,6
141,0.5,Whole,Diced,17,79,2019-01-16 23:02:59.199625,2019-01-16 23:03:13.825344,3
91,1,Cup,,11,56,2019-01-05 17:45:32.397847,2019-02-06 18:01:32.290431,9
139,1,Whole,Processed to rice,17,77,2019-01-16 23:02:12.793468,2019-01-16 23:04:53.146671,1
143,1,Lbs,,18,58,2019-01-16 23:05:56.12498,2019-01-16 23:06:07.698038,1
144,1,Lbs,,19,81,2019-01-16 23:07:37.024838,2019-01-16 23:07:46.391521,1
145,1,Lbs,,20,81,2019-01-16 23:09:28.968134,2019-01-16 23:09:40.151272,1
146,1,Package,,20,76,2019-01-16 23:09:28.969847,2019-01-16 23:10:00.47278,5
147,3,Whole,Diced,20,71,2019-01-16 23:09:28.971507,2019-01-16 23:10:22.420501,2
148,1,Bunch,Sliced,20,3,2019-01-16 23:09:28.973274,2019-01-16 23:10:50.747902,3
149,1,Whole,Thinly sliced,21,36,2019-01-17 04:34:59.481528,2019-01-17 04:35:33.206925,1
150,2,Cloves,Minced,21,10,2019-01-17 04:34:59.485336,2019-01-17 04:36:06.37035,2
153,0.25,Cup,,21,15,2019-01-17 04:34:59.497202,2019-01-17 04:36:58.410286,3
151,0.25,Bunch,Coarsely chopped,21,40,2019-01-17 04:34:59.490107,2019-01-17 04:37:53.754253,4
154,1,Teaspoon,,21,12,2019-01-17 04:34:59.498932,2019-01-17 04:38:13.786925,5
155,0.75,Teaspoon,,21,30,2019-01-17 04:34:59.501615,2019-01-17 04:38:56.308357,6
152,3,Whole,Juiced,21,39,2019-01-17 04:34:59.492694,2019-01-17 04:39:58.541755,7
156,1,Lbs,,21,82,2019-01-17 04:40:40.825466,2019-01-17 04:41:21.736289,8
162,3,Lbs,About 18 tomatoes,22,83,2019-01-27 15:51:09.011538,2019-01-27 15:51:30.59899,1
140,2,Tablespoon,,17,15,2019-01-16 23:02:29.791607,2019-02-09 19:28:38.598094,2
164,1.125,Teaspoon,,22,12,2019-01-27 15:53:37.00659,2019-01-27 15:54:04.06827,3
163,0.75,Teaspoon,,22,84,2019-01-27 15:52:05.675462,2019-01-27 15:54:30.304468,4
158,3,Cloves,Minced,22,10,2019-01-27 15:50:21.020425,2019-01-27 15:54:59.256407,5
160,3.5,Cup,,22,56,2019-01-27 15:50:21.032256,2019-01-27 15:55:44.984211,7
161,2,Tablespoon,Sliced,22,57,2019-01-27 15:50:21.036344,2019-01-27 15:56:07.520136,8
166,1.5,Lbs,Peel and chopped into chunks,23,85,2019-01-27 16:03:45.164485,2019-01-27 16:04:09.624263,1
165,0.25,Teaspoon,,23,12,2019-01-27 16:03:17.280768,2019-01-27 16:05:30.536218,3
170,0.5,Cup,,24,12,2019-02-01 20:19:51.899497,2019-02-01 20:27:44.262254,3
172,2,Teaspoon,,24,29,2019-02-01 20:19:51.903548,2019-02-01 20:29:37.85468,6
169,1,15oz Can,,24,42,2019-02-01 20:19:51.897283,2019-02-01 20:31:19.084037,9
142,0.33,Cup,,17,80,2019-01-16 23:03:45.874483,2019-02-06 17:38:32.943365,4
93,1,Lbs,,12,58,2019-01-05 17:49:56.528108,2019-02-06 18:14:12.451701,1
168,4,Lbs,,24,52,2019-02-01 20:19:51.895034,2019-02-01 20:27:09.457055,1
176,6,Cup,,24,87,2019-02-01 20:20:36.530656,2019-02-01 20:27:24.840851,2
212,1,Lbs,Trimmed and closely shaved,29,96,2019-02-09 19:06:13.827346,2019-02-09 19:09:39.352866,8
171,2,Teaspoon,,24,27,2019-02-01 20:19:51.901556,2019-02-01 20:29:20.859391,5
173,2,Teaspoon,,24,13,2019-02-01 20:19:51.905558,2019-02-01 20:29:53.590515,7
184,0.25,Cup,,26,15,2019-02-05 22:35:16.757398,2019-02-09 19:28:49.964386,4
175,0.5,Cup,,24,15,2019-02-01 20:19:51.909702,2019-02-01 20:30:46.350073,8
178,1,Package,,25,88,2019-02-05 22:23:53.305935,2019-02-05 22:24:15.186099,2
179,2,Whole,Thinly sliced,25,89,2019-02-05 22:24:38.739298,2019-02-05 22:24:53.115741,3
181,2,Bunch,Sliced,26,3,2019-02-05 22:35:16.75145,2019-02-05 22:36:22.371468,1
182,1,Whole,,26,35,2019-02-05 22:35:16.753955,2019-02-05 22:37:59.845731,2
183,1,Whole,Juiced,26,4,2019-02-05 22:35:16.755843,2019-02-05 22:39:02.40933,1
237,1,Lbs,Trimmed,31,104,2019-02-09 19:32:01.151106,2019-02-09 19:35:46.034853,10
177,1,Lbs,,25,25,2019-02-05 22:23:31.744459,2019-02-05 23:38:28.620476,1
180,1,Whole,,25,9,2019-02-05 22:27:09.458097,2019-02-05 23:38:44.432322,5
185,2,Tablespoon,,11,15,2019-02-06 17:57:06.992519,2019-02-06 17:57:32.132751,1
186,0.5,Whole,Diced,11,9,2019-02-06 17:59:35.887481,2019-02-06 17:59:56.732701,3
189,2,Cloves,,16,10,2019-02-06 18:13:13.267892,2019-02-06 18:13:32.087297,5
202,1,15oz Can,,27,93,2019-02-06 18:20:12.531666,2019-02-06 18:20:57.170534,1
190,0.25,Cup,,27,15,2019-02-06 18:18:16.172567,2019-02-06 18:21:30.142159,2
191,0.5,Whole,Small dice,27,38,2019-02-06 18:18:16.174867,2019-02-06 18:21:51.407271,3
192,3,Cloves,Minced,27,10,2019-02-06 18:18:16.180315,2019-02-06 18:22:14.967172,4
193,2,Whole,Cut into small chunks,27,35,2019-02-06 18:18:16.182134,2019-02-06 18:22:37.153906,5
194,1,Bunch,Sliced,27,34,2019-02-06 18:18:16.184012,2019-02-06 18:23:07.266282,6
200,0.5,Cup,Sliced in half,27,91,2019-02-06 18:18:57.371498,2019-02-06 18:23:32.636947,7
199,1,Package,,27,90,2019-02-06 18:18:32.912506,2019-02-06 18:23:55.315665,8
201,1,Cup,,27,92,2019-02-06 18:19:16.67612,2019-02-06 18:24:13.241959,9
195,0.25,Cup,Cold,27,87,2019-02-06 18:18:16.185898,2019-02-06 18:24:43.021589,10
196,0.25,Teaspoon,,27,12,2019-02-06 18:18:16.187909,2019-02-06 18:25:04.871714,11
197,1,Tablespoon,,27,68,2019-02-06 18:18:16.191292,2019-02-06 18:25:24.198535,12
198,2,Whole,Juiced,27,4,2019-02-06 18:18:16.195782,2019-02-06 18:25:51.141348,13
203,1,Bunch,Thinly sliced,27,40,2019-02-06 18:35:40.531697,2019-02-06 18:36:04.499396,14
204,2,Bunch,,28,94,2019-02-06 20:38:34.410429,2019-02-06 20:38:46.682064,1
187,1,Pinch,To taste,7,12,2019-02-06 18:05:22.458341,2019-02-09 17:23:49.516061,7
188,1,Pinch,To taste,7,13,2019-02-06 18:05:22.461955,2019-02-09 17:24:07.454951,4
213,1.5,Teaspoon,,29,97,2019-02-09 19:06:34.067258,2019-02-09 19:06:57.32356,3
206,4,Tablespoon,,29,15,2019-02-09 19:05:23.824508,2019-02-09 19:07:10.540909,2
205,1.5,Lbs,,29,25,2019-02-09 19:05:23.819231,2019-02-09 19:07:21.416463,1
207,0.5,Teaspoon,,29,16,2019-02-09 19:05:23.83335,2019-02-09 19:07:55.291743,6
208,1,Teaspoon,,29,84,2019-02-09 19:05:23.843045,2019-02-09 19:08:24.815354,4
210,1,Teaspoon,,29,65,2019-02-09 19:05:23.856341,2019-02-09 19:08:38.945782,5
209,1,Pinch,,29,12,2019-02-09 19:05:23.851843,2019-02-09 19:09:07.064533,7
214,2,Tablespoon,Melted,29,98,2019-02-09 19:10:05.453776,2019-02-09 19:10:21.736657,9
211,2,Whole,Thinly sliced,29,95,2019-02-09 19:05:39.618898,2019-02-09 19:10:37.799227,10
224,2,Tablespoon,"Coarsely chopped, pan roasted",30,99,2019-02-09 19:19:35.20053,2019-02-09 19:20:19.074325,10
215,1,Lbs,,30,69,2019-02-09 19:19:13.810337,2019-02-09 19:20:34.734206,1
216,0.75,Teaspoon,,30,12,2019-02-09 19:19:13.879012,2019-02-09 19:20:57.804343,2
222,1,Pinch,,30,31,2019-02-09 19:19:14.085621,2019-02-09 19:21:13.310727,3
217,2,Teaspoon,,30,29,2019-02-09 19:19:13.952006,2019-02-09 19:21:32.359478,4
218,1,Teaspoon,,30,30,2019-02-09 19:19:13.988096,2019-02-09 19:21:57.860081,5
219,0.75,Teaspoon,,30,16,2019-02-09 19:19:14.020072,2019-02-09 19:22:14.687866,6
220,3,Tablespoon,,30,70,2019-02-09 19:19:14.029787,2019-02-09 19:22:43.938462,7
221,2,Cloves,,30,10,2019-02-09 19:19:14.082089,2019-02-09 19:23:04.866669,8
225,0.33,Cup,Thinly sliced,30,100,2019-02-09 19:24:11.00309,2019-02-09 19:24:24.823409,13
223,1,Head,Processed to rice,30,77,2019-02-09 19:19:14.089725,2019-02-09 19:24:59.560912,11
227,2,Teaspoon,,30,101,2019-02-09 19:26:16.706794,2019-02-09 19:26:30.516888,12
157,2.25,Teaspoon,,22,31,2019-01-27 15:50:21.01655,2019-02-09 19:27:13.675288,2
174,0.5,Cup,,24,70,2019-02-01 20:19:51.907658,2019-02-09 19:28:08.758987,4
228,1,Tablespoon,,31,70,2019-02-09 19:31:04.51988,2019-02-09 19:32:19.867773,1
230,1,Teaspoon,,31,12,2019-02-09 19:31:04.56503,2019-02-09 19:32:31.996822,3
232,0.5,Teaspoon,,31,31,2019-02-09 19:31:04.617727,2019-02-09 19:32:53.434939,4
233,3,Cloves,Minced,31,10,2019-02-09 19:31:04.620675,2019-02-09 19:34:31.860489,6
229,2,Lbs,Cut into 1 inch lengths,31,82,2019-02-09 19:31:04.54284,2019-02-09 19:33:25.512782,2
231,1,Whole,Sliced,31,79,2019-02-09 19:31:04.605086,2019-02-09 19:33:47.059836,5
234,1,15oz Can,,31,42,2019-02-09 19:31:04.645256,2019-02-09 19:34:47.781075,7
235,3,Tablespoon,,31,102,2019-02-09 19:31:20.556507,2019-02-09 19:35:05.490383,8
236,2,Teaspoon,,31,103,2019-02-09 19:31:42.063039,2019-02-09 19:35:23.865767,9
251,8,Whole,"Husked, washed, dried",32,47,2019-02-09 19:37:57.408201,2019-02-09 19:38:27.326333,1
239,2,Cup,,32,56,2019-02-09 19:37:29.021605,2019-02-09 19:40:25.414812,4
240,0.25,Cup,Diced,32,9,2019-02-09 19:37:29.025787,2019-02-09 19:40:43.002818,5
241,1,Cloves,Minced,32,10,2019-02-09 19:37:29.034914,2019-02-09 19:41:08.283883,6
243,1,Tablespoon,,32,15,2019-02-09 19:37:29.042607,2019-02-09 19:41:47.828596,8
244,1,Tablespoon,Cut into 1 inch lengths,32,60,2019-02-09 19:37:29.045831,2019-02-09 19:42:14.162956,9
246,0.5,Teaspoon,,32,30,2019-02-09 19:37:29.056067,2019-02-09 19:43:40.280361,12
247,0.5,Teaspoon,,32,28,2019-02-09 19:37:29.059201,2019-02-09 19:43:53.78005,13
248,1,Pinch,,32,31,2019-02-09 19:37:29.062394,2019-02-09 19:44:06.688938,14
250,2,Cup,,32,24,2019-02-09 19:37:29.069733,2019-02-09 19:44:47.612507,16
252,1,Whole,"Sliced, seeded",32,105,2019-02-09 19:39:27.762733,2019-02-09 19:39:53.203249,3
238,1,Whole,"Sliced, seeded",32,36,2019-02-09 19:37:29.015684,2019-02-09 19:40:01.189104,2
242,0.5,Teaspoon,,32,12,2019-02-09 19:37:29.03927,2019-02-09 19:41:26.254081,7
253,1,15oz Can,,32,106,2019-02-09 19:42:35.983326,2019-02-09 19:42:47.206596,10
245,2,Whole,"Peeled, cut into 1 inch pieces",32,61,2019-02-09 19:37:29.050708,2019-02-09 19:43:20.153597,11
249,0.25,Cup,Thinly sliced,32,40,2019-02-09 19:37:29.066067,2019-02-09 19:44:27.936753,15
254,3,Whole,Thinly sliced,32,107,2019-02-09 19:45:11.388128,2019-02-09 19:45:28.863514,17
255,1,Whole,"Peeled, cut into 1 inch pieces",33,61,2019-02-09 19:59:26.493687,2019-02-09 20:01:33.557622,1
266,1,Cup,Cut into 1 inch lengths,33,108,2019-02-09 20:00:02.907866,2019-02-09 20:01:57.375009,2
256,2,Whole,Cut into 1/2 inch slices,33,71,2019-02-09 19:59:26.495556,2019-02-09 20:02:55.049517,3
284,4,Cup,,35,56,2019-02-09 20:21:31.114415,2019-02-09 20:24:00.784036,7
257,1,Whole,Cut into 1/2 inch slices,33,85,2019-02-09 19:59:26.497108,2019-02-09 20:04:40.774899,4
258,0.5,Whole,Cut into wedges,33,9,2019-02-09 19:59:26.49878,2019-02-09 20:05:14.206049,5
267,2,Oz,Chopped,33,109,2019-02-09 20:00:28.00969,2019-02-09 20:05:37.165736,6
259,0.5,Teaspoon,,33,12,2019-02-09 19:59:26.500233,2019-02-09 20:06:01.155245,7
260,0.5,Teaspoon,,33,31,2019-02-09 19:59:26.501738,2019-02-09 20:06:25.395377,8
296,0.25,Cup,Diced,36,9,2019-02-11 20:18:25.099054,2019-02-11 20:23:54.169643,7
261,4,Whole,,33,52,2019-02-09 19:59:26.503242,2019-02-09 20:07:06.63247,9
262,2,Teaspoon,Chopped,33,75,2019-02-09 19:59:26.504613,2019-02-09 20:08:04.307646,10
263,2,Teaspoon,,33,101,2019-02-09 19:59:26.506016,2019-02-09 20:08:25.353711,11
264,1,Cloves,Minced,33,10,2019-02-09 19:59:26.507579,2019-02-09 20:08:59.618776,12
268,1,Tablespoon,,33,15,2019-02-09 20:09:20.274126,2019-02-09 20:09:36.805484,13
265,1,Whole,Sliced for serving,33,4,2019-02-09 19:59:26.509018,2019-02-09 20:10:04.24088,14
275,2,Whole,Large Leaves,34,110,2019-02-09 20:13:08.949232,2019-02-09 20:14:40.779119,1
269,1,Whole,"Halved, pitted, smashed",34,35,2019-02-09 20:12:47.280542,2019-02-09 20:15:19.774576,2
270,2,Teaspoon,Juiced,34,4,2019-02-09 20:12:47.283278,2019-02-09 20:15:41.443863,3
297,1,Bunch,Sliced,36,3,2019-02-11 20:18:25.10077,2019-02-11 20:24:08.073345,8
271,1,Cloves,Mined,34,10,2019-02-09 20:12:47.285054,2019-02-09 20:16:18.043199,4
298,2,Cloves,,36,10,2019-02-11 20:18:25.1024,2019-02-11 20:24:37.851232,9
272,0.125,Teaspoon,,34,13,2019-02-09 20:12:47.286641,2019-02-09 20:16:41.117744,5
273,1,Whole,Sliced,34,51,2019-02-09 20:12:47.288232,2019-02-09 20:17:13.025319,6
274,1,Whole,Thinly sliced,34,33,2019-02-09 20:12:47.289582,2019-02-09 20:17:36.178286,7
276,2,Slice,,34,111,2019-02-09 20:13:32.955295,2019-02-09 20:17:52.06426,8
277,2,Whole,Thinly sliced,34,112,2019-02-09 20:13:56.731134,2019-02-09 20:18:29.834784,9
278,2,Tablespoon,,35,70,2019-02-09 20:21:31.102624,2019-02-09 20:21:51.420629,1
279,1,Bunch,Thinly sliced,35,112,2019-02-09 20:21:31.104988,2019-02-09 20:22:18.990346,2
280,4,Cloves,Minced,35,10,2019-02-09 20:21:31.107199,2019-02-09 20:22:34.765676,3
281,2,Tablespoon,Minced,35,6,2019-02-09 20:21:31.10913,2019-02-09 20:22:57.352545,4
282,2,Whole,Chopped,35,113,2019-02-09 20:21:31.111248,2019-02-09 20:23:16.363609,5
283,1,Whole,Seed and finely chopped,35,36,2019-02-09 20:21:31.112854,2019-02-09 20:23:43.515103,6
299,1,Pinch,To Taste,36,12,2019-02-11 20:18:25.10411,2019-02-11 20:24:56.341231,10
285,15,Oz,Sliced,35,54,2019-02-09 20:21:31.116113,2019-02-09 20:27:08.932374,8
286,1,15oz Can,,35,42,2019-02-09 20:21:31.117613,2019-02-09 20:27:20.953774,9
287,2,Teaspoon,,35,103,2019-02-09 20:21:31.1192,2019-02-09 20:27:37.786557,10
288,1,Tablespoon,Juice,35,39,2019-02-09 20:21:31.120849,2019-02-09 20:27:49.842408,11
289,0.5,Teaspoon,,35,12,2019-02-09 20:21:31.122615,2019-02-09 20:28:00.434172,12
291,3,Tablespoon,Thinly sliced,35,40,2019-02-09 20:21:31.126749,2019-02-09 20:28:47.396866,14
290,1,Lbs,,35,51,2019-02-09 20:21:31.124571,2019-02-09 20:29:05.642291,13
292,3,Slice,Diced,36,111,2019-02-11 20:18:25.092062,2019-02-11 20:20:41.900868,1
293,2,Tablespoon,,36,70,2019-02-11 20:18:25.094018,2019-02-11 20:21:23.316937,2
294,1.25,Cup,Small Dice,36,61,2019-02-11 20:18:25.095634,2019-02-11 20:21:51.65935,3
301,0.5,Cup,Small dice,36,115,2019-02-11 20:19:56.552348,2019-02-11 20:22:23.845663,4
295,0.5,Cup,Small Dice,36,71,2019-02-11 20:18:25.097279,2019-02-11 20:22:43.76308,5
300,0.25,Cup,Diced,36,114,2019-02-11 20:18:43.805878,2019-02-11 20:23:07.301173,6
306,1,Tablespoon,Minced,37,95,2019-02-11 20:26:48.906858,2019-02-11 20:30:22.865811,6
302,2,Lbs,Cut into small dice,37,58,2019-02-11 20:26:48.899444,2019-02-11 20:28:26.663951,1
303,0.5,Tablespoon,Drained and finely chopped,37,46,2019-02-11 20:26:48.901369,2019-02-11 20:28:56.441112,2
309,2,Tablespoon,,37,116,2019-02-11 20:27:35.337275,2019-02-11 20:29:11.645779,3
304,1,Tablespoon,Juiced,37,4,2019-02-11 20:26:48.903241,2019-02-11 20:29:42.364123,4
305,1,Cup,,37,18,2019-02-11 20:26:48.905027,2019-02-11 20:29:56.155368,5
310,1,Tablespoon,Chopped,37,117,2019-02-11 20:27:56.369051,2019-02-11 20:30:47.631042,7
307,1,Pinch,To taste,37,12,2019-02-11 20:26:48.908656,2019-02-11 20:31:03.406097,8
308,3,Tablespoon,,37,70,2019-02-11 20:26:48.910523,2019-02-11 20:31:16.376655,NULL
311,1,Lbs,Lightly pounded and cut into 2 inch strips,38,51,2019-02-11 20:34:10.158989,2019-02-11 20:34:44.209032,1
312,2,Whole,,38,19,2019-02-11 20:34:10.16094,2019-02-11 20:35:04.390378,2
313,1,Pinch,,38,12,2019-02-11 20:34:10.162887,2019-02-11 20:35:28.688589,3
314,1.5,Cup,,38,18,2019-02-11 20:34:10.164702,2019-02-11 20:35:51.757407,4
315,1,Teaspoon,,38,27,2019-02-11 20:34:10.167066,2019-02-11 20:36:08.937286,5
316,1,Teaspoon,,38,118,2019-02-11 20:34:10.168809,2019-02-11 20:36:22.793645,6
317,3,Tablespoon,,38,70,2019-02-11 20:34:10.170369,2019-02-11 20:36:46.025855,7
319,0.5,Cup,,39,42,2019-02-11 20:39:29.474938,2019-02-11 20:40:11.235757,2
321,2,Teaspoon,Chopped,39,117,2019-02-11 20:39:29.477882,2019-02-11 20:40:54.433576,4
322,1,Tablespoon,,39,119,2019-02-11 20:39:29.479288,2019-02-11 20:41:18.916469,5
324,0.5,Teaspoon,,39,118,2019-02-11 20:39:29.482684,2019-02-11 20:42:03.687415,7
325,0.25,Teaspoon,,39,121,2019-02-11 20:39:29.484998,2019-02-11 20:42:19.098072,8
318,0.5,Cup,,39,116,2019-02-11 20:39:29.473145,2019-02-11 20:39:57.460862,1
320,1,Teaspoon,,39,68,2019-02-11 20:39:29.476446,2019-02-11 20:40:26.647478,3
323,1,Teaspoon,Chopped,39,120,2019-02-11 20:39:29.480868,2019-02-11 20:41:40.233549,6
326,1,Pinch,To taste,39,12,2019-02-11 20:39:29.486927,2019-02-11 20:42:43.176232,9
327,2,Tablespoon,,40,15,2019-02-11 20:45:09.067171,2019-02-11 20:45:22.306192,1
328,8,Whole,,40,122,2019-02-11 20:45:09.068792,2019-02-11 20:45:37.789063,2
329,1,Whole,Sliced,40,9,2019-02-11 20:45:09.070449,2019-02-11 20:46:00.635981,3
330,2,Whole,Sliced,40,53,2019-02-11 20:45:09.072055,2019-02-11 20:46:25.158302,4
352,2,Teaspoon,Chopped,43,135,2019-02-11 23:30:59.160835,2019-02-11 23:38:46.759891,13
331,1,Cup,Sliced,40,54,2019-02-11 20:45:09.073746,2019-02-11 20:47:06.012038,5
332,2,Cloves,Minced,40,10,2019-02-11 20:45:09.075226,2019-02-11 20:47:17.013451,6
339,2.5,Cup,,41,123,2019-02-11 20:50:35.081995,2019-02-11 20:50:46.382526,1
338,0.5,Teaspoon,,41,12,2019-02-11 20:50:35.079656,2019-02-11 20:50:59.460297,2
337,0.5,Teaspoon,,41,124,2019-02-11 20:50:35.077737,2019-02-11 20:51:10.006064,3
336,0.5,Cup,,41,70,2019-02-11 20:50:35.075813,2019-02-11 20:51:29.672092,4
335,0.5,Cup,,41,125,2019-02-11 20:50:35.073067,2019-02-11 20:51:42.829606,5
334,2,Teaspoon,,41,126,2019-02-11 20:50:35.071193,2019-02-11 20:51:59.258228,6
333,1,Cup,,41,127,2019-02-11 20:50:35.069143,2019-02-11 20:52:14.497209,7
351,4,Whole,,42,128,2019-02-11 20:57:10.147917,2019-02-11 20:57:30.76018,1
350,2,Tablespoon,,42,15,2019-02-11 20:57:10.144183,2019-02-11 20:58:03.723326,2
349,0.25,Cup,,42,129,2019-02-11 20:57:10.13918,2019-02-11 20:58:10.360388,3
348,0.25,Cup,,42,70,2019-02-11 20:57:10.135467,2019-02-11 20:58:36.57882,4
365,1,Bunch,,20,94,2019-02-17 23:19:10.885952,2019-02-17 23:19:23.085058,10
347,1.25,Cup,,42,130,2019-02-11 20:57:10.132927,2019-02-11 20:59:05.838641,5
346,1,Cup,,42,131,2019-02-11 20:57:10.130398,2019-02-11 20:59:20.180731,6
345,1,Cup,,42,132,2019-02-11 20:57:10.127088,2019-02-11 20:59:35.859374,7
344,0.75,Cup,,42,133,2019-02-11 20:57:10.124064,2019-02-11 20:59:52.096185,8
343,0.5,Cup,,42,125,2019-02-11 20:57:10.120613,2019-02-11 21:00:25.892325,9
342,1.5,Tablespoon,,42,126,2019-02-11 20:57:10.117533,2019-02-11 21:00:45.832569,10
341,2,Teaspoon,,42,134,2019-02-11 20:57:10.112134,2019-02-11 21:01:14.263611,11
340,0.25,Teaspoon,,42,12,2019-02-11 20:55:50.887018,2019-02-11 21:01:28.292792,12
364,2,Whole,"Peeled, large diced",43,61,2019-02-11 23:30:59.201433,2019-02-11 23:31:18.587228,1
363,4,Cup,,43,87,2019-02-11 23:30:59.197554,2019-02-11 23:31:32.287693,2
362,4,Tablespoon,,43,98,2019-02-11 23:30:59.193599,2019-02-11 23:32:26.497016,3
360,1,Whole,Diced,43,9,2019-02-11 23:30:59.186466,2019-02-11 23:32:50.020736,4
361,0.5,Cup,,43,42,2019-02-11 23:30:59.189758,2019-02-11 23:33:38.732899,5
359,2,Whole,Diced,43,2,2019-02-11 23:30:59.182262,2019-02-11 23:35:19.466499,6
358,1,Whole,Diced,43,71,2019-02-11 23:30:59.178419,2019-02-11 23:36:16.837582,7
357,1,Lbs,,43,25,2019-02-11 23:30:59.175076,2019-02-11 23:36:46.313019,8
356,2,Cloves,Minced,43,10,2019-02-11 23:30:59.172231,2019-02-11 23:37:07.87745,9
366,2,Whole,,44,136,2019-02-17 23:41:50.889684,2019-02-17 23:42:32.401482,1
355,1,Teaspoon,,43,12,2019-02-11 23:30:59.169549,2019-02-11 23:37:37.293254,10
354,0.5,Teaspoon,,43,31,2019-02-11 23:30:59.166575,2019-02-11 23:37:53.825522,11
353,0.25,Teaspoon,,43,65,2019-02-11 23:30:59.163922,2019-02-11 23:38:20.039645,12
370,1,Package,Shredded,45,137,2019-02-22 18:19:08.008338,2019-02-22 18:19:23.381096,4
378,1,Tablespoon,,46,50,2019-03-12 16:50:56.53963,2019-03-12 16:56:28.541821,8
367,1,Package,,45,25,2019-02-22 18:18:49.131141,2019-02-22 18:22:33.31984,2
368,1,Whole,,45,9,2019-02-22 18:18:49.133799,2019-02-22 18:22:53.580987,1
369,1,Package,,45,90,2019-02-22 18:18:49.136302,2019-02-22 18:23:05.190046,3
371,2,Package,,45,138,2019-02-22 18:24:19.195105,2019-02-22 18:24:37.382272,5
377,2,Tablespoon,,46,15,2019-03-12 16:50:07.816796,2019-03-12 16:51:47.27077,1
373,0.25,Whole,Diced,46,9,2019-03-12 16:50:07.803856,2019-03-12 16:52:14.966726,2
374,2,Cloves,Minced,46,10,2019-03-12 16:50:07.806509,2019-03-12 16:53:07.867448,3
379,1,Tablespoon,,46,139,2019-03-12 16:51:22.24265,2019-03-12 16:56:43.709602,9
372,8,Whole,Stemmed,46,48,2019-03-12 16:50:07.798785,2019-03-12 16:54:32.908725,7
375,2,Teaspoon,,46,12,2019-03-12 16:50:07.809018,2019-03-12 16:55:24.763467,6
376,1,Whole,Chopped,46,33,2019-03-12 16:50:07.811573,2019-03-12 16:55:32.950336,5
380,2,Cup,,46,87,2019-03-12 16:52:43.145199,2019-03-12 16:56:07.502612,4
381,2,Whole,Quartered,47,33,2019-03-12 17:00:00.043713,2019-03-12 17:02:31.22276,1
382,0.25,Whole,Sliced,47,9,2019-03-12 17:00:00.0465,2019-03-12 17:03:03.239629,2
384,2,Teaspoon,,47,12,2019-03-12 17:00:37.688289,2019-03-12 17:03:37.709299,4
383,3,Cloves,Minced,47,10,2019-03-12 17:00:37.684607,2019-03-12 17:04:01.034352,3
385,3.25,Cup,,47,87,2019-03-12 17:00:37.69176,2019-03-12 17:04:29.955302,5
386,6,Whole,Large,47,140,2019-03-12 17:01:43.397247,2019-03-12 17:05:01.170383,7
387,0.125,Teaspoon,,47,141,2019-03-12 17:02:07.214527,2019-03-12 17:05:27.644356,8
388,6,Whole,Stemmed,48,142,2019-03-12 17:08:37.5569,2019-03-12 17:08:57.736704,1
389,3,Cup,,48,87,2019-03-12 17:08:37.570377,2019-03-12 17:09:11.4995,2
394,2.5,Teaspoon,,48,12,2019-03-12 17:10:08.066507,2019-03-12 17:10:20.802735,3
390,1,Whole,,48,33,2019-03-12 17:08:37.577413,2019-03-12 17:10:42.297409,4
391,4,Cloves,,48,10,2019-03-12 17:08:37.585875,2019-03-12 17:10:59.76858,5
392,0.25,Whole,Diced,48,9,2019-03-12 17:08:37.591316,2019-03-12 17:11:30.284609,6
393,2,Teaspoon,,48,50,2019-03-12 17:08:37.594565,2019-03-12 17:11:45.270724,7
395,3,Lbs,,49,51,2019-03-12 17:13:25.671354,2019-03-12 17:13:36.556556,1
396,1,Cup,,49,87,2019-03-12 17:13:25.683038,2019-03-12 17:13:54.81666,2
397,0.5,Whole,Diced,49,9,2019-03-12 17:13:25.686599,2019-03-12 17:14:17.29208,3
398,1,Whole,Split Lengthwise,49,36,2019-03-12 17:13:25.694174,2019-03-12 17:14:37.971124,4
399,1.5,Teaspoon,,49,12,2019-03-12 17:13:25.698478,2019-03-12 17:14:50.113543,5
401,3,Cloves,Minced,50,10,2019-03-12 17:18:46.013907,2019-03-12 17:21:31.214684,2
403,4,Whole,,50,51,2019-03-12 17:18:46.018178,2019-03-12 17:22:46.508538,4
400,6,Tablespoon,,50,15,2019-03-12 17:18:46.01136,2019-03-12 17:20:50.969788,1
402,1,Tablespoon,,50,101,2019-03-12 17:18:46.016063,2019-03-12 17:21:59.491502,3
408,2,Whole,"Stalks discarded, bulbs cut vertically, into 1/2 thick slices",50,143,2019-03-12 17:19:04.803087,2019-03-12 17:23:45.987161,5
404,0.25,Cup,,50,119,2019-03-12 17:18:46.020227,2019-03-12 17:24:59.551618,6
405,2,Teaspoon,,50,44,2019-03-12 17:18:46.02308,2019-03-12 17:25:16.462272,7
406,1,Teaspoon,,50,133,2019-03-12 17:18:46.025481,2019-03-12 17:25:32.20565,8
409,4,Cup,,50,144,2019-03-12 17:19:49.211025,2019-03-12 17:25:53.15629,9
407,0.5,Cup,Sliced,50,99,2019-03-12 17:18:46.027768,2019-03-12 17:26:26.797916,9
410,2,Lbs,,51,58,2019-03-17 22:51:02.484375,2019-03-17 22:51:15.573744,1
414,0.25,Head,,51,24,2019-03-17 22:51:02.4962,2019-03-17 22:51:25.777528,2
413,1,Package,,51,137,2019-03-17 22:51:02.493941,2019-03-17 22:51:41.286278,3
412,2,Whole,,51,35,2019-03-17 22:51:02.491785,2019-03-17 22:52:02.645826,4
411,1,Package,,51,90,2019-03-17 22:51:02.489062,2019-03-17 22:52:22.628342,5
415,3,Whole,White part only,52,21,2019-04-12 14:51:36.203005,2019-04-12 14:53:57.024434,1
416,4,Whole,,52,2,2019-04-12 14:51:36.206478,2019-04-12 14:54:20.187796,2
417,3,Whole,,52,85,2019-04-12 14:51:36.209279,2019-04-12 14:54:41.627305,3
423,6,Cup,,52,145,2019-04-12 14:52:08.698986,2019-04-12 14:55:34.37185,4
424,2.5,Cup,,52,146,2019-04-12 14:52:34.484396,2019-04-12 14:55:49.117668,5
420,1,Whole,,52,77,2019-04-12 14:51:36.217327,2019-04-12 14:56:09.328664,6
419,1,Whole,,52,94,2019-04-12 14:51:36.213881,2019-04-12 14:56:38.057065,7
425,2,Whole,,52,147,2019-04-12 14:53:01.019403,2019-04-12 14:56:54.866268,8
426,8,Cup,,52,148,2019-04-12 14:53:15.985727,2019-04-12 14:57:12.78869,9
418,1,Teaspoon,,52,12,2019-04-12 14:51:36.211729,2019-04-12 14:57:39.622089,10
421,1,Cup,,52,120,2019-04-12 14:51:36.219313,2019-04-12 14:58:02.448122,11
422,0.5,Cup,,52,117,2019-04-12 14:51:36.221717,2019-04-12 14:58:45.997862,12
427,2,Tablespoon,,52,4,2019-04-12 14:59:11.387163,2019-04-12 14:59:24.676514,13
428,3,Whole,Sliced,53,61,2019-04-16 16:42:30.341,2019-04-16 16:42:43.338463,1
431,1,28oz Can,,54,149,2019-06-04 18:59:40.888749,2019-06-04 18:59:55.438207,NULL
432,1.5,Lbs,,54,150,2019-06-04 19:00:26.552154,2019-06-04 19:00:43.059245,1
433,1,Package,,54,151,2019-06-04 19:00:59.907207,2019-06-04 19:01:11.746701,3
430,1,Package,,54,57,2019-06-04 18:59:17.779079,2019-06-04 19:01:47.151926,6
429,1,Package,,54,54,2019-06-04 18:58:52.353105,2019-06-04 19:01:58.601499,5
434,1,Whole,,55,74,2019-08-02 18:50:44.194074,2019-08-02 18:51:03.850152,1
436,2,Whole,,55,71,2019-08-02 18:50:44.198324,2019-08-02 18:51:22.792392,2
438,2,Whole,,55,95,2019-08-02 18:50:44.204131,2019-08-02 18:51:35.4259,3
437,1,Whole,,55,9,2019-08-02 18:50:44.201623,2019-08-02 18:51:48.6074,4
435,3,Whole,,55,10,2019-08-02 18:50:44.1964,2019-08-02 18:52:09.933427,5
440,2,Teaspoon,,55,12,2019-08-02 18:56:48.315893,2019-08-02 18:57:02.234788,6
439,2,Tablespoon,Whole Pepper corn,55,31,2019-08-02 18:56:48.311076,2019-08-02 18:57:30.215341,7
449,1,Bunch,,56,40,2019-08-02 18:59:56.520137,2019-08-02 19:00:12.00103,1
448,1,Bunch,,56,120,2019-08-02 18:59:56.517859,2019-08-02 19:00:24.472484,2
447,0.125,Teaspoon,,56,31,2019-08-02 18:59:56.515155,2019-08-02 19:00:46.5492,3
446,0.5,Teaspoon,,56,16,2019-08-02 18:59:56.512685,2019-08-02 19:00:57.990028,4
445,0.5,Teaspoon,,56,12,2019-08-02 18:59:56.509955,2019-08-02 19:01:13.559655,5
444,1,Tablespoon,Minced,56,9,2019-08-02 18:59:56.507125,2019-08-02 19:01:35.292578,6
443,8,Whole,Minced,56,10,2019-08-02 18:59:56.504582,2019-08-02 19:01:56.046505,7
442,1,Tablespoon,,56,39,2019-08-02 18:59:56.501937,2019-08-02 19:02:10.932109,8
441,0.33,Cup,,56,15,2019-08-02 18:59:56.499031,2019-08-02 19:02:38.731751,9
450,1,Whole,,57,10,2019-08-02 19:08:11.581578,2019-08-02 19:09:08.520222,1
454,2,Whole,,57,152,2019-08-02 19:08:38.911988,2019-08-02 19:09:28.612877,2
452,1,Teaspoon,,57,39,2019-08-02 19:08:11.585377,2019-08-02 19:09:39.843901,3
451,0.5,Cup,,57,116,2019-08-02 19:08:11.583519,2019-08-02 19:09:58.775478,4
453,0.5,Teaspoon,,57,12,2019-08-02 19:08:11.587191,2019-08-02 19:10:12.486356,5
455,1,Cup,,58,153,2019-08-02 19:12:51.654944,2019-08-02 19:13:49.949533,1
456,0.5,Cup,,58,42,2019-08-02 19:12:51.657975,2019-08-02 19:14:02.745829,2
457,0.5,Teaspoon,,58,12,2019-08-02 19:12:51.660697,2019-08-02 19:14:23.187377,3
460,1,Teaspoon,,58,154,2019-08-02 19:13:28.261025,2019-08-02 19:14:41.111696,4
458,1,Whole,Juiced,58,4,2019-08-02 19:12:51.664183,2019-08-02 19:15:02.726042,5
459,1,Tablespoon,,58,68,2019-08-02 19:12:51.66738,2019-08-02 19:15:20.108672,6
461,2,Whole,,59,19,2019-08-02 19:16:19.749553,2019-08-02 19:16:33.71152,1
462,0.25,Teaspoon,,59,12,2019-08-02 19:16:19.75149,2019-08-02 19:16:49.498477,2
463,1,Teaspoon,,59,154,2019-08-02 19:16:19.753918,2019-08-02 19:17:05.652591,3
464,2,Tablespoon,,59,68,2019-08-02 19:16:19.756204,2019-08-02 19:17:16.312113,4
465,2,Cup,,59,153,2019-08-02 19:16:19.758174,2019-08-02 19:17:26.844182,5
468,1,Tablespoon,,60,155,2019-08-25 20:00:27.905972,2019-08-25 20:00:40.729515,2
467,5,Slice,,60,137,2019-08-25 20:00:14.042929,2019-08-25 20:02:09.83428,1
466,10,Slice,,60,20,2019-08-25 20:00:14.04049,2019-08-25 20:02:26.64739,1
470,1,Package,,61,157,2019-08-25 20:21:07.692277,2019-08-25 20:21:54.481847,2
469,2,Lbs,,61,156,2019-08-25 20:20:42.294774,2019-08-25 20:22:05.00372,1
484,1,Tablespoon,,62,158,2019-10-01 19:00:18.086586,2019-10-01 19:00:43.151534,9
472,12,Oz,,62,25,2019-10-01 18:59:49.405322,2019-10-01 19:03:38.415698,2
473,0.5,Teaspoon,,62,12,2019-10-01 18:59:49.407459,2019-10-01 19:05:17.341948,4
474,0.5,Teaspoon,,62,31,2019-10-01 18:59:49.40948,2019-10-01 19:05:30.175425,5
476,2,Whole,,62,10,2019-10-01 18:59:49.413709,2019-10-01 19:06:14.961255,6
477,1,Tablespoon,,62,30,2019-10-01 18:59:49.415891,2019-10-01 19:07:29.196527,7
478,1,Tablespoon,,62,26,2019-10-01 18:59:49.418015,2019-10-01 19:08:02.708412,8
480,0.5,Cup,,62,56,2019-10-01 18:59:49.422439,2019-10-01 19:10:44.09738,13
481,1,Teaspoon,,62,28,2019-10-01 18:59:49.424628,2019-10-01 19:11:57.731869,15
482,0.5,Teaspoon,,62,29,2019-10-01 18:59:49.426705,2019-10-01 19:12:54.645775,16
471,3,Tablespoon,,62,15,2019-10-01 18:59:49.402505,2019-10-01 19:02:43.621719,1
475,1,Whole,Small,62,9,2019-10-01 18:59:49.411621,2019-10-01 19:05:51.362581,1
479,0.5,Teaspoon,,62,16,2019-10-01 18:59:49.420191,2019-10-01 19:08:43.087477,10
485,1,Cup,,62,159,2019-10-01 19:01:35.759606,2019-10-01 19:09:49.395,11
487,1,15oz Can,,62,161,2019-10-01 19:02:19.972576,2019-10-01 19:10:17.138758,12
486,1,1 Inch,,62,160,2019-10-01 19:01:59.609827,2019-10-01 19:11:21.55471,14
488,0.187,Teaspoon,,62,162,2019-10-01 19:13:27.747052,2019-10-01 19:14:25.510095,17
483,0.5,Teaspoon,,62,135,2019-10-01 18:59:49.428956,2019-10-01 19:15:07.68885,18
489,1,Cup,,17,163,2019-10-27 19:45:24.792156,2019-10-27 19:45:37.496452,5
494,0.25,Cup,,63,15,2019-10-27 19:51:14.444304,2019-10-27 19:52:37.109929,1
493,1,Whole,Seeded and cut into 1 inch chunks,63,53,2019-10-27 19:51:14.441,2019-10-27 19:53:11.204534,2
492,2,Cloves,,63,10,2019-10-27 19:51:14.434958,2019-10-27 19:53:35.397536,3
496,1,Tablespoon,,63,165,2019-10-27 19:52:16.802361,2019-10-27 19:53:54.781219,4
495,1,Tablespoon,,63,164,2019-10-27 19:51:55.496215,2019-10-27 19:54:08.364496,5
491,0.5,Teaspoon,,63,16,2019-10-27 19:51:14.432677,2019-10-27 19:54:23.779903,6
490,0.25,Teaspoon,,63,12,2019-10-27 19:51:14.429493,2019-10-27 19:54:39.780201,7
503,1,Whole,Thinly Sliced,64,166,2019-10-27 19:59:59.692335,2019-10-27 20:00:16.191783,1
502,1,Teaspoon,,64,12,2019-10-27 19:59:39.205894,2019-10-27 20:00:32.395965,2
501,0.25,Teaspoon,,64,31,2019-10-27 19:59:39.204031,2019-10-27 20:00:46.349769,3
500,0.5,Cup,,64,3,2019-10-27 19:59:39.201944,2019-10-27 20:01:26.599665,4
499,0.25,Cup,,64,159,2019-10-27 19:59:39.199829,2019-10-27 20:01:56.761537,5
498,1,Package,,64,57,2019-10-27 19:59:39.198265,2019-10-27 20:02:16.904273,6
497,0.25,Cup,,64,15,2019-10-27 19:59:39.196553,2019-10-27 20:02:34.786843,7
521,1,Tablespoon,,70,133,2019-11-17 16:08:06.009583,2019-11-17 16:12:09.713885,NULL
504,1,Whole,,65,167,2019-10-27 20:04:12.026958,2019-10-27 20:05:21.956697,5
505,0.25,Cup,,66,168,2019-10-27 20:14:07.534673,2019-10-27 20:14:41.038621,1
506,1,Tablespoon,,66,133,2019-10-27 20:14:07.544172,2019-10-27 20:14:55.228606,2
507,1,Pinch,,66,31,2019-10-27 20:14:07.547991,2019-10-27 20:15:18.040952,3
509,0.25,Teaspoon,,66,12,2019-10-27 20:15:30.966449,2019-10-27 20:15:44.220106,5
508,0.75,Cup,,66,11,2019-10-27 20:14:07.552113,2019-10-27 20:15:58.996591,6
510,1,Cup,,67,59,2019-10-27 20:17:07.919384,2019-10-27 20:17:18.503934,1
511,2,Cup,Room Temp,67,87,2019-10-27 20:17:07.922031,2019-10-27 20:17:34.674323,2
514,1,Cup,,68,169,2019-10-27 20:19:24.944342,2019-10-27 20:19:37.106257,2
515,1.5,Cup,,68,170,2019-10-27 20:20:06.300962,2019-10-27 20:20:22.523477,1
513,2,Teaspoon,,68,12,2019-10-27 20:18:46.306496,2019-10-27 20:20:36.078794,3
512,2,Whole,Thinly Sliced,68,38,2019-10-27 20:18:46.302822,2019-10-27 20:20:51.31862,4
519,0.66,Cup,,69,170,2019-10-27 20:23:08.922656,2019-10-27 20:23:37.623884,1
518,0.5,Cup,,69,169,2019-10-27 20:23:08.921248,2019-10-27 20:23:56.871682,2
517,1,Tablespoon,,69,12,2019-10-27 20:23:08.919692,2019-10-27 20:24:11.212594,3
522,1,Cup,,70,15,2019-11-17 16:08:06.013978,2019-11-17 16:12:22.586858,NULL
516,3,Whole,Thinly Sliced,69,36,2019-10-27 20:23:08.917708,2019-10-27 20:24:36.700922,4
525,0.5,Teaspoon,,70,173,2019-11-17 16:10:54.887938,2019-11-17 16:11:23.446959,NULL
524,0.25,Cup,,70,172,2019-11-17 16:10:35.720775,2019-11-17 16:11:45.300291,NULL
523,0.5,Cup,,70,171,2019-11-17 16:08:28.509182,2019-11-17 16:11:58.936948,NULL
520,2,Tablespoon,Minced,70,95,2019-11-17 16:08:06.002713,2019-11-17 16:12:39.869472,NULL
531,0.25,Cup,,71,125,2020-03-31 14:14:17.41452,2020-03-31 14:14:55.231069,NULL
530,1,Package,Leaves Trimmed,71,175,2020-03-31 14:13:39.160293,2020-03-31 14:15:14.615155,NULL
529,1.5,Lbs,,71,174,2020-03-31 14:13:20.842985,2020-03-31 14:17:53.037009,1
528,1,Teaspoon,,71,12,2020-03-31 14:13:01.572308,2020-03-31 14:18:03.701223,NULL
527,1,Teaspoon,,71,27,2020-03-31 14:13:01.569494,2020-03-31 14:18:13.890123,NULL
526,1,Teaspoon,,71,118,2020-03-31 14:13:01.563078,2020-03-31 14:18:25.206324,NULL
532,1,Lbs,,72,51,2020-04-16 14:37:02.101567,2020-04-16 14:39:03.985891,1
534,0.5,Teaspoon,,72,29,2020-04-16 14:37:02.10626,2020-04-16 14:39:46.311019,3
537,4,Cup,,72,145,2020-04-16 14:37:02.112272,2020-04-16 14:40:56.818473,6
546,0.25,Teaspoon,,72,177,2020-04-16 14:38:12.666531,2020-04-16 14:41:16.115079,6
539,2,Cup,Finely Shredded,72,24,2020-04-16 14:37:02.116182,2020-04-16 14:41:41.349092,8
541,4,Whole,,72,72,2020-04-16 14:37:02.120039,2020-04-16 14:42:12.067274,8
542,1,Bunch,,72,40,2020-04-16 14:37:02.122025,2020-04-16 14:42:28.266355,9
540,2,Whole,Shredded,72,71,2020-04-16 14:37:02.118113,2020-04-16 14:42:59.912119,2
543,4,Whole,Thinly Sliced,72,107,2020-04-16 14:37:02.124137,2020-04-16 14:43:26.631683,9
538,2,Tablespoon,,72,15,2020-04-16 14:37:02.114236,2020-04-16 14:43:56.613708,3
544,2,Tablespoon,,72,68,2020-04-16 14:37:02.12608,2020-04-16 14:44:46.801403,10
545,2,Tablespoon,,72,176,2020-04-16 14:37:47.280707,2020-04-16 14:44:59.503328,11
